id;nom;prenom;societe;fonction
1;BRODEAU;Daniel;ORANGE;boulanger
2;LAMBERT;Jacques;TOTAL MARKETING FRANCE;manager
3;MONNIER;Sylvain;ENGIE;developpeur
4;REGNIER;Bernard;CSF;webmaster
5;REGNIER;Elisabeth;SOCIETE AIR FRANCE;secretaire
6;LAUNAY;Charles;ENEDIS;admin resau
7;MORET;Josette;LA POSTE;employé
8;CHARBONNIER;Jean François;DISTRIBUTION CASINO FRANCE;directeur
9;LEGRAIN;Laurent;ADECCO FRANCE;medecin
10;PESENTI;Joel;METRO CASH & CARRY FRANCE;boulanger
11;LOUMPRE;Jacques;MONOPRIX EXPLOIT PAR ABREVIATION MPX;manager
12;GARCIA;Robert;MANPOWER FRANCE;developpeur
13;KUHN;Olivier Et Valerie;GRDF;webmaster
14;MOUSSY;Benoit;BP FRANCE;secretaire
15;VIVIER;F;SAMSUNG ELECTRONICS FRANCE;admin resau
16;DOCRUZEIRO;Charlette;L'OREAL;employé
17;DELME;Jacques;CASTORAMA FRANCE;directeur
18;CAUCHI;René;MEUBLES IKEA FRANCE;medecin
19;TALON;Frederic;HERMES SELLIER;boulanger
20;COUSIN;Rémi;POMONA;manager
21;PARAVIA;Evana;ENGIE ENERGIE SERVICES;developpeur
22;THORAVAL;Juliana;DALKIA;webmaster
23;PONS;Aurélie;DALKIA;secretaire
24;DEMAY;Monique;ROQUETTE FRERES;admin resau
25;BESSONOV;Gennadiy;SOCIETE DES PETROLES SHELL;employé
26;BALLOT;Pascale;MAGASINS GALERIES LAFAYETTE;directeur
27;VALLEE;Jean Claude;ERTECO FRANCE;medecin
28;CHOLLET;Carole;DISTRIBUTION SANITAIRE CHAUFFAGE;boulanger
29;BERNARD;Jean Claude;SEPHORA;manager
30;HURUGUEN;Bernard;SAUR;developpeur
31;GELMI;Laurence;INGRAM MICRO;webmaster
32;STABIK;Patrick;PICARD SURGELES;secretaire
33;DUBOIS;Jean Marie;PRINTEMPS;admin resau
34;WEBERT;Edith;SOPRA STERIA GROUP;employé
35;LOSTAPLAA;Simon;H&M HENNES & MAURITZ;directeur
36;HEMERY;Aline;CAPGEMINI TECHNOLOGY SERVICES;medecin
37;SERRANO;Anthony;RELAIS FNAC;boulanger
38;SIMON;Michel;SUPERMARCHES MATCH;manager
39;EPC  ATLANTIQUE;;CRIT;developpeur
40;LESAGE;Michèle;NC NUMERICABLE;webmaster
41;BAUDET;Vincent;CHRISTIAN DIOR COUTURE;secretaire
42;SURE;Nathalie;TOTAL MARKETING SERVICES;admin resau
43;DILE;;ORACLE FRANCE;employé
44;GOURRINAT;Jpierre;SYNERGIE;directeur
45;SIN CADENAS;Gregorio;SYNERGIE;medecin
46;TEILLAGORRY;Patricia;CHRONOPOST;boulanger
47;GALLON;Lionel;ZARA FRANCE;manager
48;GANTIER;Odile;CGI FRANCE;developpeur
49;SYND CHIR. DENTISTES;;LAGARDERE TRAVEL RETAIL FRANCE;webmaster
